GROUP,PACKAGE,CLASS,INSTRUCTION_MISSED,INSTRUCTION_COVERED,BRANCH_MISSED,BRANCH_COVERED,LINE_MISSED,LINE_COVERED,COMPLEXITY_MISSED,COMPLEXITY_COVERED,METHOD_MISSED,METHOD_COVERED,COMPLEXITY_TOTAL,BRANCH_RANK,LINE_RANK,CC_RANK,d_Branch,d_Line,d^2_Branch,d^2_Line
Apache Commons Collections,org.apache.commons.collections4,CollectionUtils,44,1420,20,250,1,21,5,13,0,7,18,1,142,98,-97,44,9409,1936
Apache Commons Collections,org.apache.commons.collections4.bidimap,TreeBidiMap,151,1852,29,226,0,13,1,13,0,4,14,2,225,148,-146,77,21316,5929
Apache Commons Collections,org.apache.commons.collections4.map,Flat3Map,144,1247,64,226,0,7,0,4,0,4,4,3,319,343,-340,-24,115600,576
Apache Commons Collections,org.apache.commons.collections4.trie,AbstractPatriciaTrie,571,1298,100,196,0,17,0,6,0,6,6,4,179,285,-281,-106,78961,11236
Apache Commons Collections,org.apache.commons.collections4.map,MultiKeyMap,149,1431,109,191,0,37,0,20,0,14,20,5,61,80,-75,-19,5625,361
Apache Commons Collections,org.apache.commons.collections4,MapUtils,79,1014,10,178,0,6,0,3,0,3,3,6,336,375,-369,-39,136161,1521
Apache Commons Collections,org.apache.commons.collections4.list,TreeList.AVLNode,53,1051,14,134,1,24,5,16,0,9,21,7,114,73,-66,41,4356,1681
Apache Commons Collections,org.apache.commons.collections4.map,AbstractHashedMap,41,1066,11,125,3,11,3,7,1,7,10,8,248,204,-196,44,38416,1936
Apache Commons Collections,org.apache.commons.collections4,IteratorUtils,249,626,42,100,7,23,5,10,2,9,15,9,127,137,-128,-10,16384,100
Apache Commons Collections,org.apache.commons.collections4.list,AbstractLinkedList,28,782,9,91,5,18,5,13,3,13,18,10,170,98,-88,72,7744,5184
Apache Commons Collections,org.apache.commons.collections4.sequence,SequencesComparator,5,558,3,79,2,24,1,19,1,18,20,11,114,80,-69,34,4761,1156
Apache Commons Collections,org.apache.commons.collections4.bag,AbstractMapBag,15,624,8,74,0,21,1,10,0,7,11,12,142,181,-169,-39,28561,1521
Apache Commons Collections,org.apache.commons.collections4.set,CompositeSet,25,488,6,68,2,65,3,29,1,16,32,13,32,45,-32,-13,1024,169
Apache Commons Collections,org.apache.commons.collections4,ListUtils,48,380,8,66,7,22,7,14,2,12,21,14,133,73,-59,60,3481,3600
Apache Commons Collections,org.apache.commons.collections4.map,StaticBucketMap,40,573,11,63,0,20,0,11,0,7,11,15,155,181,-166,-26,27556,676
Apache Commons Collections,org.apache.commons.collections4.collection,CompositeCollection,46,397,1,59,12,100,6,50,5,21,56,16,17,16,0,1,0,1
Apache Commons Collections,org.apache.commons.collections4,IterableUtils,58,526,3,59,2,51,3,24,0,21,27,17,43,51,-34,-8,1156,64
Apache Commons Collections,org.apache.commons.collections4.map,CompositeMap,17,458,3,49,12,36,9,14,2,12,23,18,63,64,-46,-1,2116,1
Apache Commons Collections,org.apache.commons.collections4.queue,CircularFifoQueue,27,337,4,44,0,14,0,11,0,10,11,19,216,181,-162,35,26244,1225
Apache Commons Collections,org.apache.commons.collections4.comparators,FixedOrderComparator,61,317,21,43,0,22,7,9,0,5,16,20,133,121,-101,12,10201,144
Apache Commons Collections,org.apache.commons.collections4.multimap,AbstractMultiValuedMap,87,347,15,43,3,12,3,6,1,4,9,21,235,224,-203,11,41209,121
Apache Commons Collections,org.apache.commons.collections4.multiset,AbstractMapMultiSet,14,428,5,43,1,17,2,15,1,9,17,22,179,114,-92,65,8464,4225
Apache Commons Collections,org.apache.commons.collections4.map,AbstractReferenceMap,10,396,8,42,0,8,0,9,0,6,9,23,291,224,-201,67,40401,4489
Apache Commons Collections,org.apache.commons.collections4.map,AbstractLinkedMap,10,331,0,40,0,2,0,1,0,1,1,24,426,465,-441,-39,194481,1521
Apache Commons Collections,org.apache.commons.collections4.map,MultiValueMap,13,327,5,39,6,57,19,26,0,12,45,25,37,24,1,13,1,169
Apache Commons Collections,org.apache.commons.collections4.iterators,CollatingIterator,79,322,9,39,6,17,10,9,3,4,19,26,179,91,-65,88,4225,7744
Apache Commons Collections,org.apache.commons.collections4.map,ListOrderedMap,22,433,4,38,19,58,18,21,6,12,39,27,35,33,-6,2,36,4
Apache Commons Collections,org.apache.commons.collections4.trie,AbstractPatriciaTrie.PrefixRangeMap,50,265,4,36,0,21,0,10,0,9,10,28,142,204,-176,-62,30976,3844
Apache Commons Collections,org.apache.commons.collections4.set,ListOrderedSet,12,315,4,36,0,2,0,2,0,2,2,29,426,409,-380,17,144400,289
Apache Commons Collections,org.apache.commons.collections4,SetUtils,37,176,1,35,0,2,0,2,0,2,2,30,426,409,-379,17,143641,289
Apache Commons Collections,org.apache.commons.collections4.iterators,PermutationIterator,0,262,0,34,0,8,0,3,0,2,3,31,291,375,-344,-84,118336,7056
Apache Commons Collections,org.apache.commons.collections4.iterators,ListIteratorWrapper,41,253,8,32,0,4,0,2,0,2,2,32,367,409,-377,-42,142129,1764
Apache Commons Collections,org.apache.commons.collections4.map,AbstractReferenceMap.ReferenceEntry,26,200,11,31,0,4,0,2,0,2,2,33,367,409,-376,-42,141376,1764
Apache Commons Collections,org.apache.commons.collections4.map,LRUMap,203,296,9,31,1,79,3,44,0,6,47,34,27,22,12,5,144,25
Apache Commons Collections,org.apache.commons.collections4.iterators,ObjectGraphIterator,0,195,0,30,0,8,0,4,0,4,4,35,291,343,-308,-52,94864,2704
Apache Commons Collections,org.apache.commons.collections4.iterators,FilterListIterator,68,191,6,30,17,0,6,0,4,0,6,36,467,285,-249,182,62001,33124
Apache Commons Collections,org.apache.commons.collections4.collection,IndexedCollection,8,234,2,28,0,4,0,2,0,2,2,37,367,409,-372,-42,138384,1764
Apache Commons Collections,org.apache.commons.collections4.trie,AbstractPatriciaTrie.RangeEntrySet,7,171,2,28,0,4,0,2,0,2,2,38,367,409,-371,-42,137641,1764
Apache Commons Collections,org.apache.commons.collections4.comparators,ComparatorChain,70,219,15,27,1,19,1,7,1,6,8,39,162,242,-203,-80,41209,6400
Apache Commons Collections,org.apache.commons.collections4.functors,FunctorUtils,10,174,3,27,4,36,11,14,1,7,25,40,63,55,-15,8,225,64
Apache Commons Collections,org.apache.commons.collections4.list,SetUniqueList,34,295,2,26,3,163,8,60,0,27,68,41,11,12,29,-1,841,1
Apache Commons Collections,org.apache.commons.collections4.iterators,SingletonListIterator,0,127,2,26,0,11,0,11,0,9,11,42,248,181,-139,67,19321,4489
Apache Commons Collections,org.apache.commons.collections4.trie,AbstractPatriciaTrie.RangeMap,131,152,25,25,2,19,1,10,1,9,11,43,162,181,-138,-19,19044,361
Apache Commons Collections,org.apache.commons.collections4.bidimap,AbstractDualBidiMap.View,0,119,1,25,1,26,1,10,0,4,11,44,104,181,-137,-77,18769,5929
Apache Commons Collections,org.apache.commons.collections4.trie.analyzer,StringKeyAnalyzer,15,174,10,24,0,7,0,6,0,6,6,45,319,285,-240,34,57600,1156
Apache Commons Collections,org.apache.commons.collections4.trie,AbstractPatriciaTrie.RangeEntryMap,43,134,10,24,3,5,2,4,2,4,6,46,354,285,-239,69,57121,4761
Apache Commons Collections,org.apache.commons.collections4.functors,SwitchTransformer,13,159,2,24,3,20,3,13,3,12,16,47,155,121,-74,34,5476,1156
Apache Commons Collections,org.apache.commons.collections4.functors,InvokerTransformer,45,133,4,24,0,3,0,1,0,1,1,48,399,465,-417,-66,173889,4356
Apache Commons Collections,org.apache.commons.collections4.list,CursorableLinkedList.Cursor,11,172,3,23,3,8,2,9,2,7,11,49,291,181,-132,110,17424,12100
Apache Commons Collections,org.apache.commons.collections4.iterators,PeekingIterator,12,125,3,23,9,3,5,2,5,2,7,50,399,267,-217,132,47089,17424
Apache Commons Collections,org.apache.commons.collections4.functors,SwitchClosure,13,154,2,22,8,6,4,5,2,5,9,51,336,224,-173,112,29929,12544
Apache Commons Collections,org.apache.commons.collections4.map,AbstractReferenceMap.ReferenceBaseIterator,5,168,2,22,0,18,1,13,0,10,14,52,170,148,-96,22,9216,484
Apache Commons Collections,org.apache.commons.collections4.bag,CollectionBag,11,134,3,21,4,3,4,1,2,1,5,53,399,312,-259,87,67081,7569
Apache Commons Collections,org.apache.commons.collections4.bag,CollectionSortedBag,11,134,3,21,3,21,1,12,1,9,13,54,142,160,-106,-18,11236,324
Apache Commons Collections,org.apache.commons.collections4.list,TreeList.TreeListIterator,4,246,1,21,2,42,3,20,0,11,23,55,55,64,-9,-9,81,81
Apache Commons Collections,org.apache.commons.collections4.iterators,LoopingListIterator,16,137,3,21,2,42,3,20,0,11,23,56,55,64,-8,-9,64,81
Apache Commons Collections,org.apache.commons.collections4.map,AbstractHashedMap.HashEntry,2,107,2,20,3,21,3,13,3,12,16,57,142,121,-64,21,4096,441
Apache Commons Collections,org.apache.commons.collections4.keyvalue,AbstractMapEntry,0,70,1,19,0,11,0,4,0,4,4,58,248,343,-285,-95,81225,9025
Apache Commons Collections,org.apache.commons.collections4.keyvalue,DefaultKeyValue,3,111,5,19,7,30,11,16,1,9,27,59,89,51,8,38,64,1444
Apache Commons Collections,org.apache.commons.collections4.list,CursorableLinkedList,19,218,7,19,0,15,0,6,0,3,6,60,202,285,-225,-83,50625,6889
Apache Commons Collections,org.apache.commons.collections4.multiset,AbstractMultiSet,179,131,27,19,0,2,0,2,0,2,2,61,426,409,-348,17,121104,289
Apache Commons Collections,org.apache.commons.collections4.trie,AbstractPatriciaTrie.TrieEntry,38,212,8,18,16,30,18,21,4,10,39,62,89,33,29,56,841,3136
Apache Commons Collections,org.apache.commons.collections4.bidimap,AbstractDualBidiMap,0,280,0,18,0,9,0,7,0,6,7,63,274,267,-204,7,41616,49
Apache Commons Collections,org.apache.commons.collections4.map,StaticBucketMap.Node,2,73,2,18,1,25,1,10,0,6,11,64,110,181,-117,-71,13689,5041
Apache Commons Collections,org.apache.commons.collections4.map,PassiveExpiringMap,26,251,0,18,6,35,8,10,0,5,18,65,68,98,-33,-30,1089,900
Apache Commons Collections,org.apache.commons.collections4.map,AbstractHashedMap.HashIterator,6,147,2,18,0,8,0,8,0,3,8,66,291,242,-176,49,30976,2401
Apache Commons Collections,org.apache.commons.collections4.queue,CircularFifoQueue.new Iterator() {...},0,192,0,18,2,40,2,19,0,6,21,67,57,73,-6,-16,36,256
Apache Commons Collections,org.apache.commons.collections4.keyvalue,TiedMapEntry,3,106,5,17,1,15,1,10,0,6,11,68,202,181,-113,21,12769,441
Apache Commons Collections,org.apache.commons.collections4.functors,ComparatorPredicate,25,80,3,17,3,7,8,5,2,4,13,69,319,160,-91,159,8281,25281
Apache Commons Collections,org.apache.commons.collections4.functors,InstantiateFactory,23,108,5,17,6,30,5,24,5,22,29,70,89,49,21,40,441,1600
Apache Commons Collections,org.apache.commons.collections4.bidimap,TreeBidiMap.Node,8,263,6,17,0,2,0,2,0,2,2,71,426,409,-338,17,114244,289
Apache Commons Collections,org.apache.commons.collections4.multimap,AbstractMultiValuedMap.WrappedCollection,102,136,23,17,2,2,1,1,1,1,2,72,426,409,-337,17,113569,289
Apache Commons Collections,org.apache.commons.collections4.iterators,BoundedIterator,5,117,1,17,0,2,0,2,0,2,2,73,426,409,-336,17,112896,289
Apache Commons Collections,org.apache.commons.collections4.comparators,NullComparator,33,73,8,16,6,8,3,4,1,3,7,74,291,267,-193,24,37249,576
Apache Commons Collections,org.apache.commons.collections4.list,TreeList,2,262,2,16,5,21,4,11,2,7,15,75,142,137,-62,5,3844,25
Apache Commons Collections,org.apache.commons.collections4.map,PredicatedMap,0,128,0,16,1,24,1,14,0,9,15,76,114,137,-61,-23,3721,529
Apache Commons Collections,org.apache.commons.collections4.map,Flat3Map.FlatMapEntry,111,112,26,16,3,0,2,0,2,0,2,77,467,409,-332,58,110224,3364
Apache Commons Collections,org.apache.commons.collections4.multimap,TransformedMultiValuedMap,10,156,4,16,0,22,1,8,0,4,9,78,133,224,-146,-91,21316,8281
Apache Commons Collections,org.apache.commons.collections4,MultiMapUtils,29,77,4,16,130,306,75,124,6,45,199,79,4,2,77,2,5929,4
Apache Commons Collections,org.apache.commons.collections4.trie,AbstractBitwiseTrie,17,113,5,15,8,56,12,23,8,7,35,80,39,39,41,0,1681,0
Apache Commons Collections,org.apache.commons.collections4.map,Flat3Map.FlatMapIterator,112,102,11,15,0,13,0,8,0,6,8,81,225,242,-161,-17,25921,289
Apache Commons Collections,org.apache.commons.collections4.map,SingletonMap,114,190,20,15,4,24,5,15,1,9,20,82,114,80,2,34,4,1156
Apache Commons Collections,org.apache.commons.collections4.list,AbstractLinkedList.LinkedListIterator,0,211,0,14,4,51,2,18,2,12,20,83,43,80,3,-37,9,1369
Apache Commons Collections,org.apache.commons.collections4.functors,InstantiateTransformer,32,86,10,14,1,53,2,23,0,16,25,84,42,55,29,-13,841,169
Apache Commons Collections,org.apache.commons.collections4.bidimap,AbstractDualBidiMap.BidiMapIterator,14,145,0,14,0,10,0,3,0,3,3,85,264,375,-290,-111,84100,12321
Apache Commons Collections,org.apache.commons.collections4.map,AbstractLinkedMap.LinkIterator,15,158,4,14,0,9,0,3,0,3,3,86,274,375,-289,-101,83521,10201
Apache Commons Collections,org.apache.commons.collections4.iterators,IteratorChain,84,154,6,14,0,8,0,3,0,3,3,87,291,375,-288,-84,82944,7056
Apache Commons Collections,org.apache.commons.collections4.iterators,SingletonIterator,0,75,0,14,2,26,2,18,1,15,20,88,104,80,8,24,64,576
Apache Commons Collections,org.apache.commons.collections4,ComparatorUtils,16,98,4,14,7,18,6,17,6,17,23,89,170,64,25,106,625,11236
Apache Commons Collections,org.apache.commons.collections4.comparators,TransformingComparator,14,101,9,13,2,3,2,1,2,1,3,90,399,375,-285,24,81225,576
Apache Commons Collections,org.apache.commons.collections4.comparators,BooleanComparator,7,79,1,13,8,190,10,89,1,48,99,91,9,10,81,-1,6561,1
Apache Commons Collections,org.apache.commons.collections4.bag,AbstractMapBag.BagIterator,4,112,1,13,0,14,0,8,0,6,8,92,216,242,-150,-26,22500,676
Apache Commons Collections,org.apache.commons.collections4.iterators,FilterIterator,17,98,1,13,0,50,0,19,0,12,19,93,47,91,2,-44,4,1936
Apache Commons Collections,org.apache.commons.collections4.iterators,ZippingIterator,5,134,1,13,0,9,0,3,0,3,3,94,274,375,-281,-101,78961,10201
Apache Commons Collections,org.apache.commons.collections4.multiset,AbstractMapMultiSet.MapBasedMultiSetIterator,4,112,1,13,0,22,0,18,0,17,18,95,133,98,-3,35,9,1225
Apache Commons Collections,org.apache.commons.collections4.keyvalue,MultiKey,0,195,0,12,2,16,1,16,1,14,17,96,192,114,-18,78,324,6084
Apache Commons Collections,org.apache.commons.collections4.list,NodeCachingLinkedList,10,150,0,12,2,20,4,8,1,6,12,97,155,172,-75,-17,5625,289
Apache Commons Collections,org.apache.commons.collections4.functors,ChainedClosure,4,91,0,12,2,51,3,19,0,9,22,98,43,69,29,-26,841,676
Apache Commons Collections,org.apache.commons.collections4.functors,AllPredicate,0,73,0,12,11,10,5,4,5,4,9,99,264,224,-125,40,15625,1600
Apache Commons Collections,org.apache.commons.collections4.bidimap,DualTreeBidiMap.BidiOrderedMapIterator,27,134,0,12,8,76,8,25,1,19,33,100,28,42,58,-14,3364,196
Apache Commons Collections,org.apache.commons.collections4.map,StaticBucketMap.BaseIterator,0,110,0,12,5,71,3,32,1,20,35,101,30,39,62,-9,3844,81
Apache Commons Collections,org.apache.commons.collections4.iterators,ObjectArrayIterator,6,105,0,12,6,57,6,16,1,13,22,102,37,69,33,-32,1089,1024
Apache Commons Collections,org.apache.commons.collections4.iterators,LazyIteratorChain,0,99,0,12,0,17,0,7,0,6,7,103,179,267,-164,-88,26896,7744
Apache Commons Collections,org.apache.commons.collections4.trie,AbstractPatriciaTrie.TrieMapIterator,4,95,1,11,0,14,0,8,0,6,8,104,216,242,-138,-26,19044,676
Apache Commons Collections,org.apache.commons.collections4.list,AbstractLinkedList.LinkedSubList,62,249,5,11,2,21,1,17,1,14,18,105,142,98,7,44,49,1936
Apache Commons Collections,org.apache.commons.collections4.functors,AnyPredicate,4,67,1,11,16,246,13,95,1,32,108,106,8,9,97,-1,9409,1
Apache Commons Collections,org.apache.commons.collections4.bidimap,TreeBidiMap.ViewIterator,60,128,9,11,10,24,5,9,1,6,14,107,114,148,-41,-34,1681,1156
Apache Commons Collections,org.apache.commons.collections4.bidimap,TreeBidiMap.EntryView,2,72,1,11,1,56,1,21,0,11,22,108,39,69,39,-30,1521,900
Apache Commons Collections,org.apache.commons.collections4.bidimap,TreeBidiMap.InverseEntryView,2,72,1,11,3,23,3,13,0,4,16,109,127,121,-12,6,144,36
Apache Commons Collections,org.apache.commons.collections4.collection,PredicatedCollection.Builder,50,138,8,10,1,7,1,4,1,3,5,110,319,312,-202,7,40804,49
Apache Commons Collections,org.apache.commons.collections4.trie,AbstractPatriciaTrie.RangeEntrySet.EntryIterator,0,48,0,10,0,4,0,4,0,4,4,111,367,343,-232,24,53824,576
Apache Commons Collections,org.apache.commons.collections4.trie,AbstractBitwiseTrie.BasicEntry,23,73,2,10,4,17,0,3,0,2,3,112,179,375,-263,-196,69169,38416
Apache Commons Collections,org.apache.commons.collections4.functors,ChainedTransformer,4,78,0,10,8,19,10,8,0,6,18,113,162,98,15,64,225,4096
Apache Commons Collections,org.apache.commons.collections4.functors,IfTransformer,14,66,2,10,1,8,2,6,1,3,8,114,291,242,-128,49,16384,2401
Apache Commons Collections,org.apache.commons.collections4.bidimap,TreeBidiMap.Inverse,80,153,8,10,0,4,0,5,0,4,5,115,367,312,-197,55,38809,3025
Apache Commons Collections,org.apache.commons.collections4.bidimap,DualTreeBidiMap,36,207,2,10,1,7,1,4,1,3,5,116,319,312,-196,7,38416,49
Apache Commons Collections,org.apache.commons.collections4.map,UnmodifiableEntrySet,2,137,2,10,0,14,0,8,0,4,8,117,216,242,-125,-26,15625,676
Apache Commons Collections,org.apache.commons.collections4.map,TransformedMap,1,144,2,10,0,2,0,1,0,1,1,118,426,465,-347,-39,120409,1521
Apache Commons Collections,org.apache.commons.collections4.map,ListOrderedMap.ListOrderedMapIterator,13,133,0,10,2,12,2,7,2,3,9,119,235,224,-105,11,11025,121
Apache Commons Collections,org.apache.commons.collections4.map,StaticBucketMap.EntrySet,0,116,0,10,0,4,0,4,0,4,4,120,367,343,-223,24,49729,576
Apache Commons Collections,org.apache.commons.collections4.map,AbstractHashedMap.EntrySet,0,64,0,10,3,15,3,7,3,3,10,121,202,204,-83,-2,6889,4
Apache Commons Collections,org.apache.commons.collections4.iterators,ArrayIterator,9,122,0,10,0,5,0,3,0,3,3,122,354,375,-253,-21,64009,441
Apache Commons Collections,org.apache.commons.collections4,ArrayStack,23,70,6,10,1,19,1,10,1,5,11,123,162,181,-58,-19,3364,361
Apache Commons Collections,org.apache.commons.collections4.collection,UnmodifiableBoundedCollection,29,79,5,9,1,8,1,4,1,3,5,124,291,312,-188,-21,35344,441
Apache Commons Collections,org.apache.commons.collections4.collection,SynchronizedCollection,10,242,3,9,0,4,0,5,0,4,5,125,367,312,-187,55,34969,3025
Apache Commons Collections,org.apache.commons.collections4.trie,AbstractPatriciaTrie.TrieIterator,4,101,1,9,2,6,2,3,1,3,5,126,336,312,-186,24,34596,576
Apache Commons Collections,org.apache.commons.collections4.trie,AbstractPatriciaTrie.EntrySet,2,62,1,9,1,3,1,1,1,1,2,127,399,409,-282,-10,79524,100
Apache Commons Collections,org.apache.commons.collections4.trie,AbstractPatriciaTrie.PrefixRangeEntrySet.EntryIterator,0,89,1,9,1,17,1,9,0,4,10,128,179,204,-76,-25,5776,625
Apache Commons Collections,org.apache.commons.collections4.functors,OnePredicate,4,60,1,9,1,7,1,5,1,3,6,129,319,285,-156,34,24336,1156
Apache Commons Collections,org.apache.commons.collections4.bidimap,AbstractDualBidiMap.EntrySet,0,62,1,9,4,17,5,8,3,4,13,130,179,160,-30,19,900,361
Apache Commons Collections,org.apache.commons.collections4.map,AbstractInputCheckedMapDecorator.EntrySet,0,116,1,9,0,8,0,2,0,2,2,131,291,409,-278,-118,77284,13924
Apache Commons Collections,org.apache.commons.collections4.map,SingletonMap.SingletonMapIterator,26,97,5,9,1,7,1,4,1,3,5,132,319,312,-180,7,32400,49
Apache Commons Collections,org.apache.commons.collections4.set,MapBackedSet,5,157,1,9,0,4,0,4,0,4,4,133,367,343,-210,24,44100,576
Apache Commons Collections,org.apache.commons.collections4.iterators,NodeListIterator,5,71,3,9,3,36,5,16,3,5,21,134,63,73,61,-10,3721,100
Apache Commons Collections,org.apache.commons.collections4,ArrayUtils,22,38,7,9,1,15,1,8,1,5,9,135,202,224,-89,-22,7921,484
Apache Commons Collections,org.apache.commons.collections4.collection,PredicatedCollection,0,94,0,8,1,9,1,5,1,3,6,136,274,285,-149,-11,22201,121
Apache Commons Collections,org.apache.commons.collections4.list,LazyList,48,91,6,8,9,11,8,7,2,6,15,137,248,137,0,111,0,12321
Apache Commons Collections,org.apache.commons.collections4.functors,NonePredicate,0,55,0,8,7,27,5,11,0,5,16,138,100,121,17,-21,289,441
Apache Commons Collections,org.apache.commons.collections4.functors,ForClosure,6,39,0,8,1,9,1,5,1,3,6,139,274,285,-146,-11,21316,121
Apache Commons Collections,org.apache.commons.collections4.functors,WhileClosure,9,51,0,8,0,13,0,3,0,1,3,140,225,375,-235,-150,55225,22500
Apache Commons Collections,org.apache.commons.collections4.map,ListOrderedMap.EntrySetView,0,92,0,8,0,4,0,4,0,4,4,141,367,343,-202,24,40804,576
Apache Commons Collections,org.apache.commons.collections4.multimap,AbstractMultiValuedMap.AsMap,0,90,0,8,0,5,0,4,0,3,4,142,354,343,-201,11,40401,121
Apache Commons Collections,org.apache.commons.collections4.iterators,SkippingIterator,0,60,0,8,1,4,3,6,1,4,9,143,367,224,-81,143,6561,20449
Apache Commons Collections,org.apache.commons.collections4.iterators,ArrayListIterator,5,113,0,8,10,6,2,2,1,2,4,144,336,343,-199,-7,39601,49
Apache Commons Collections,org.apache.commons.collections4.iterators,LoopingIterator,0,56,0,8,1,23,1,11,1,5,12,145,127,172,-27,-45,729,2025
Apache Commons Collections,org.apache.commons.collections4.iterators,ObjectArrayListIterator,6,112,0,8,1,8,1,5,1,4,6,146,291,285,-139,6,19321,36
Apache Commons Collections,org.apache.commons.collections4.collection,TransformedCollection,0,103,1,7,1,8,1,4,1,3,5,147,291,312,-165,-21,27225,441
Apache Commons Collections,org.apache.commons.collections4.bag,TransformedBag,0,99,1,7,0,4,0,4,0,4,4,148,367,343,-195,24,38025,576
Apache Commons Collections,org.apache.commons.collections4.list,TransformedList,13,134,1,7,1,9,1,5,1,3,6,149,274,285,-136,-11,18496,121
Apache Commons Collections,org.apache.commons.collections4.functors,OrPredicate,13,38,1,7,6,28,4,15,0,5,19,150,95,91,59,4,3481,16
Apache Commons Collections,org.apache.commons.collections4.functors,AndPredicate,13,38,1,7,5,36,5,20,2,8,25,151,63,55,96,8,9216,64
Apache Commons Collections,org.apache.commons.collections4.map,DefaultedMap,15,79,3,7,3,10,3,4,2,3,7,152,264,267,-115,-3,13225,9
Apache Commons Collections,org.apache.commons.collections4.set,TransformedSet,0,67,1,7,3,35,5,15,3,5,20,153,68,80,73,-12,5329,144
Apache Commons Collections,org.apache.commons.collections4.iterators,PushbackIterator,10,54,3,7,0,4,0,4,0,4,4,154,367,343,-189,24,35721,576
Apache Commons Collections,org.apache.commons.collections4,SplitMapUtils,13,32,3,7,7,13,7,5,4,4,12,155,225,172,-17,53,289,2809
Apache Commons Collections,org.apache.commons.collections4.comparators,ReverseComparator,8,46,2,6,1,16,1,8,0,4,9,156,192,224,-68,-32,4624,1024
Apache Commons Collections,org.apache.commons.collections4.comparators,ComparableComparator,0,33,0,6,1,8,2,6,1,3,8,157,291,242,-85,49,7225,2401
Apache Commons Collections,org.apache.commons.collections4.bag,TreeBag,7,84,0,6,0,18,0,10,0,4,10,158,170,204,-46,-34,2116,1156
Apache Commons Collections,org.apache.commons.collections4.trie,AbstractPatriciaTrie.PrefixRangeEntrySet,0,81,0,6,0,4,0,4,0,4,4,159,367,343,-184,24,33856,576
Apache Commons Collections,org.apache.commons.collections4.trie,KeyAnalyzer,21,26,8,6,0,4,0,4,0,4,4,160,367,343,-183,24,33489,576
Apache Commons Collections,org.apache.commons.collections4.list,GrowthList,10,90,4,6,1,7,1,5,1,3,6,161,319,285,-124,34,15376,1156
Apache Commons Collections,org.apache.commons.collections4.list,PredicatedList,13,101,0,6,1,10,1,5,1,3,6,162,264,285,-123,-21,15129,441
Apache Commons Collections,org.apache.commons.collections4.functors,EqualPredicate,3,48,0,6,0,4,0,4,0,4,4,163,367,343,-180,24,32400,576
Apache Commons Collections,org.apache.commons.collections4.functors,DefaultEquator,4,25,2,6,0,64,0,34,0,25,34,164,33,41,123,-8,15129,64
Apache Commons Collections,org.apache.commons.collections4.map,LazyMap,0,81,0,6,1,11,1,7,1,5,8,165,248,242,-77,6,5929,36
Apache Commons Collections,org.apache.commons.collections4.map,StaticBucketMap.KeySet,0,77,2,6,32,433,29,164,1,64,193,166,1,3,163,-2,26569,4
Apache Commons Collections,org.apache.commons.collections4.map,AbstractReferenceMap.ReferenceMapIterator,0,48,0,6,0,9,0,5,0,4,5,167,274,312,-145,-38,21025,1444
Apache Commons Collections,org.apache.commons.collections4.map,ReferenceIdentityMap,24,61,0,6,0,9,0,4,0,2,4,168,274,343,-175,-69,30625,4761
Apache Commons Collections,org.apache.commons.collections4.map,AbstractHashedMap.HashMapIterator,0,48,0,6,0,16,0,4,0,3,4,169,192,343,-174,-151,30276,22801
Apache Commons Collections,org.apache.commons.collections4.map,AbstractLinkedMap.LinkMapIterator,0,52,0,6,0,14,1,7,0,3,8,170,216,242,-72,-26,5184,676
Apache Commons Collections,org.apache.commons.collections4.multimap,AbstractListValuedMap.WrappedList,104,70,6,6,1,5,1,3,1,3,4,171,354,343,-172,11,29584,121
Apache Commons Collections,org.apache.commons.collections4.iterators,ReverseListIterator,10,100,2,6,1,11,1,7,1,5,8,172,248,242,-70,6,4900,36
Apache Commons Collections,org.apache.commons.collections4,EnumerationUtils,0,53,0,6,6,3,6,2,6,2,8,173,399,242,-69,157,4761,24649
Apache Commons Collections,org.apache.commons.collections4.multiset,AbstractMultiSet.MultiSetIterator,29,55,4,6,3,14,1,5,1,5,6,174,216,285,-111,-69,12321,4761
Apache Commons Collections,org.apache.commons.collections4.splitmap,TransformedSplitMap,24,94,3,5,4,33,1,15,1,8,16,175,75,121,54,-46,2916,2116
Apache Commons Collections,org.apache.commons.collections4.functors,IfClosure,25,45,3,5,0,37,1,19,0,7,20,176,61,80,96,-19,9216,361
Apache Commons Collections,org.apache.commons.collections4.map,Flat3Map.EntrySet,2,57,1,5,2,7,2,6,2,6,8,177,319,242,-65,77,4225,5929
Apache Commons Collections,org.apache.commons.collections4.iterators,IteratorIterable,0,44,1,5,0,7,0,6,0,4,6,178,319,285,-107,34,11449,1156
Apache Commons Collections,org.apache.commons.collections4.bag,PredicatedBag,0,55,0,4,0,7,0,6,0,4,6,179,319,285,-106,34,11236,1156
Apache Commons Collections,org.apache.commons.collections4.bag,AbstractBagDecorator,9,39,0,4,12,27,7,9,2,4,16,180,100,121,59,-21,3481,441
Apache Commons Collections,org.apache.commons.collections4.trie,UnmodifiableTrie,27,121,0,4,0,23,0,14,0,12,14,181,127,148,33,-21,1089,441
Apache Commons Collections,org.apache.commons.collections4.trie,AbstractPatriciaTrie.Values,0,45,0,4,12,34,8,25,4,20,33,182,72,42,140,30,19600,900
Apache Commons Collections,org.apache.commons.collections4.list,CursorableLinkedList.SubCursor,0,70,0,4,2,49,6,27,0,21,33,183,49,42,141,7,19881,49
Apache Commons Collections,org.apache.commons.collections4.list,AbstractListDecorator,3,77,0,4,1,18,1,9,0,4,10,184,170,204,-20,-34,400,1156
Apache Commons Collections,org.apache.commons.collections4.list,AbstractLinkedList.LinkedSubListIterator,0,69,0,4,9,51,5,21,3,17,26,185,43,53,132,-10,17424,100
Apache Commons Collections,org.apache.commons.collections4.functors,IdentityPredicate,3,23,0,4,5,8,5,5,5,4,10,186,291,204,-18,87,324,7569
Apache Commons Collections,org.apache.commons.collections4.functors,NullIsExceptionPredicate,8,30,0,4,3,14,1,5,1,5,6,187,216,285,-98,-69,9604,4761
Apache Commons Collections,org.apache.commons.collections4.functors,NullIsFalsePredicate,8,27,0,4,0,7,0,3,0,3,3,188,319,375,-187,-56,34969,3136
Apache Commons Collections,org.apache.commons.collections4.functors,PrototypeFactory,0,66,0,4,0,9,0,5,0,4,5,189,274,312,-123,-38,15129,1444
Apache Commons Collections,org.apache.commons.collections4.functors,NullIsTruePredicate,8,27,0,4,0,6,0,3,0,3,3,190,336,375,-185,-39,34225,1521
Apache Commons Collections,org.apache.commons.collections4.functors,NotPredicate,8,27,0,4,6,29,3,14,3,8,17,191,93,114,77,-21,5929,441
Apache Commons Collections,org.apache.commons.collections4.functors,TransformerPredicate,3,34,0,4,0,24,0,15,0,13,15,192,114,137,55,-23,3025,529
Apache Commons Collections,org.apache.commons.collections4.bidimap,TreeBidiMap.InverseViewMapIterator,4,40,0,4,1,4,1,2,1,2,3,193,367,375,-182,-8,33124,64
Apache Commons Collections,org.apache.commons.collections4.bidimap,AbstractDualBidiMap.MapEntry,0,38,0,4,0,15,0,4,0,3,4,194,202,343,-149,-141,22201,19881
Apache Commons Collections,org.apache.commons.collections4.bidimap,TreeBidiMap.ViewMapIterator,4,40,0,4,3,5,3,4,3,4,7,195,354,267,-72,87,5184,7569
Apache Commons Collections,org.apache.commons.collections4.bidimap,TreeBidiMap.ValueView,0,37,0,4,1,18,1,9,0,4,10,196,170,204,-8,-34,64,1156
Apache Commons Collections,org.apache.commons.collections4.bidimap,TreeBidiMap.KeyView,0,37,0,4,0,29,0,17,0,15,17,197,93,114,83,-21,6889,441
Apache Commons Collections,org.apache.commons.collections4.bidimap,UnmodifiableBidiMap,0,79,0,4,0,16,0,4,0,3,4,198,192,343,-145,-151,21025,22801
Apache Commons Collections,org.apache.commons.collections4.bidimap,UnmodifiableOrderedBidiMap,0,82,0,4,1,3,1,2,1,2,3,199,399,375,-176,24,30976,576
Apache Commons Collections,org.apache.commons.collections4.bidimap,UnmodifiableSortedBidiMap,0,104,0,4,1,28,2,16,0,12,18,200,95,98,102,-3,10404,9
Apache Commons Collections,org.apache.commons.collections4.map,Flat3Map.KeySet,0,53,0,4,0,24,0,10,0,7,10,201,114,204,-3,-90,9,8100
Apache Commons Collections,org.apache.commons.collections4.map,LinkedMap,9,76,0,4,1,14,2,13,0,5,15,202,216,137,65,79,4225,6241
Apache Commons Collections,org.apache.commons.collections4.map,AbstractMapDecorator,0,92,0,4,0,8,0,5,0,5,5,203,291,312,-109,-21,11881,441
Apache Commons Collections,org.apache.commons.collections4.map,CaseInsensitiveMap,5,60,0,4,1,48,2,17,0,7,19,204,50,91,113,-41,12769,1681
Apache Commons Collections,org.apache.commons.collections4.multimap,AbstractListValuedMap.ValuesListIterator,44,76,0,4,0,8,0,4,0,3,4,205,291,343,-138,-52,19044,2704
Apache Commons Collections,org.apache.commons.collections4.multimap,AbstractMultiValuedMapDecorator,26,98,0,4,1,17,1,7,0,5,8,206,179,242,-36,-63,1296,3969
Apache Commons Collections,org.apache.commons.collections4.multimap,AbstractSetValuedMap.WrappedSet,0,37,0,4,0,19,1,10,0,10,11,207,162,181,26,-19,676,361
Apache Commons Collections,org.apache.commons.collections4.set,AbstractSetDecorator,3,24,0,4,3,7,3,3,0,3,6,208,319,285,-77,34,5929,1156
Apache Commons Collections,org.apache.commons.collections4.set,PredicatedSet,0,31,0,4,8,20,5,11,3,10,16,209,155,121,88,34,7744,1156
Apache Commons Collections,org.apache.commons.collections4.iterators,UnmodifiableOrderedMapIterator,0,59,0,4,1,9,1,7,1,7,8,210,274,242,-32,32,1024,1024
Apache Commons Collections,org.apache.commons.collections4.iterators,UnmodifiableIterator,0,38,0,4,0,2,0,2,0,2,2,211,426,409,-198,17,39204,289
Apache Commons Collections,org.apache.commons.collections4.iterators,UnmodifiableListIterator,0,64,0,4,0,13,0,9,0,9,9,212,225,224,-12,1,144,1
Apache Commons Collections,org.apache.commons.collections4.iterators,UnmodifiableMapIterator,0,51,0,4,4,0,2,0,2,0,2,213,467,409,-196,58,38416,3364
Apache Commons Collections,org.apache.commons.collections4,FluentIterable,0,190,0,4,0,2,0,2,0,2,2,214,426,409,-195,17,38025,289
Apache Commons Collections,org.apache.commons.collections4,SetUtils.new SetUtils.SetView() {...},0,33,0,4,0,32,0,17,0,9,17,215,80,114,101,-34,10201,1156
Apache Commons Collections,org.apache.commons.collections4,SetUtils.new SetUtils.SetView() {...},0,33,0,4,0,2,0,2,0,2,2,216,426,409,-193,17,37249,289
Apache Commons Collections,org.apache.commons.collections4,ClosureUtils,0,112,0,4,0,3,0,2,0,2,2,217,399,409,-192,-10,36864,100
Apache Commons Collections,org.apache.commons.collections4,SplitMapUtils.WrappedGet,30,79,4,4,19,32,20,12,2,6,32,218,80,45,173,35,29929,1225
Apache Commons Collections,org.apache.commons.collections4,TransformerUtils,0,137,0,4,1,11,1,6,0,5,7,219,248,267,-48,-19,2304,361
Apache Commons Collections,org.apache.commons.collections4.multiset,AbstractMultiSetDecorator,29,29,0,4,0,4,0,2,0,2,2,220,367,409,-189,-42,35721,1764
Apache Commons Collections,org.apache.commons.collections4.multiset,PredicatedMultiSet,9,59,0,4,0,3,0,2,0,2,2,221,399,409,-188,-10,35344,100
Apache Commons Collections,org.apache.commons.collections4.trie,AbstractPatriciaTrie.PrefixRangeEntrySet.SingletonIterator,26,31,3,3,0,8,0,5,0,5,5,222,291,312,-90,-21,8100,441
Apache Commons Collections,org.apache.commons.collections4.functors,ConstantTransformer,43,31,11,3,1,113,8,47,0,30,55,223,15,18,205,-3,42025,9
Apache Commons Collections,org.apache.commons.collections4.functors,TransformedPredicate,16,34,1,3,5,22,2,12,1,11,14,224,133,148,76,-15,5776,225
Apache Commons Collections,org.apache.commons.collections4.map,Flat3Map.Values,6,35,1,3,5,87,4,44,1,21,48,225,20,21,204,-1,41616,1
Apache Commons Collections,org.apache.commons.collections4.map,PassiveExpiringMap.ConstantTimeToLiveExpirationPolicy,6,33,1,3,1,3,1,2,1,2,3,226,399,375,-149,24,22201,576
Apache Commons Collections,org.apache.commons.collections4.map,MultiValueMap.ReflectionFactory,15,31,1,3,15,269,15,105,4,48,120,227,7,8,219,-1,47961,1
Apache Commons Collections,org.apache.commons.collections4.map,Flat3Map.EntryIterator,34,42,3,3,0,38,2,16,0,12,18,228,60,98,130,-38,16900,1444
Apache Commons Collections,org.apache.commons.collections4,SetUtils.new SetUtils.SetView() {...},13,41,5,3,0,2,0,1,0,1,1,229,426,465,-236,-39,55696,1521
Apache Commons Collections,org.apache.commons.collections4,SplitMapUtils.WrappedPut,3,82,3,3,0,2,0,2,0,2,2,230,426,409,-179,17,32041,289
Apache Commons Collections,org.apache.commons.collections4.queue,TransformedQueue,0,78,1,3,1,3,1,3,1,3,4,231,399,343,-112,56,12544,3136
Apache Commons Collections,org.apache.commons.collections4.keyvalue,AbstractMapEntryDecorator,11,36,2,2,3,10,2,4,1,3,6,232,264,285,-53,-21,2809,441
Apache Commons Collections,org.apache.commons.collections4.splitmap,AbstractIterableGetMapDecorator,22,61,2,2,1,7,1,4,1,3,5,233,319,312,-79,7,6241,49
Apache Commons Collections,org.apache.commons.collections4.collection,AbstractCollectionDecorator,3,89,0,2,4,33,4,14,0,9,18,234,75,98,136,-23,18496,529
Apache Commons Collections,org.apache.commons.collections4.collection,UnmodifiableCollection,0,49,0,2,0,16,0,11,0,11,11,235,192,181,54,11,2916,121
Apache Commons Collections,org.apache.commons.collections4.properties,AbstractPropertiesFactory,0,90,0,2,0,24,0,10,0,4,10,236,114,204,32,-90,1024,8100
Apache Commons Collections,org.apache.commons.collections4.properties,SortedProperties,0,35,0,2,1,20,1,18,1,18,19,237,155,91,146,64,21316,4096
Apache Commons Collections,org.apache.commons.collections4.sequence,EditScript,3,69,0,2,0,2,0,2,0,2,2,238,426,409,-171,17,29241,289
Apache Commons Collections,org.apache.commons.collections4.bag,SynchronizedBag,5,98,0,2,19,30,12,13,3,6,25,239,89,55,184,34,33856,1156
Apache Commons Collections,org.apache.commons.collections4.bag,UnmodifiableSortedBag,12,65,0,2,0,15,2,8,0,6,10,240,202,204,36,-2,1296,4
Apache Commons Collections,org.apache.commons.collections4.bag,UnmodifiableBag,12,67,0,2,4,32,1,15,1,10,16,241,80,121,120,-41,14400,1681
Apache Commons Collections,org.apache.commons.collections4.trie,AbstractPatriciaTrie.KeySet,0,41,0,2,0,3,0,2,0,2,2,242,399,409,-167,-10,27889,100
Apache Commons Collections,org.apache.commons.collections4.list,UnmodifiableList,0,87,0,2,0,5,0,3,0,3,3,243,354,375,-132,-21,17424,441
Apache Commons Collections,org.apache.commons.collections4.list,SetUniqueList.SetListListIterator,0,55,0,2,0,6,0,3,0,2,3,244,336,375,-131,-39,17161,1521
Apache Commons Collections,org.apache.commons.collections4.functors,MapTransformer,3,20,0,2,0,11,0,5,0,4,5,245,248,312,-67,-64,4489,4096
Apache Commons Collections,org.apache.commons.collections4.functors,PrototypeFactory.PrototypeSerializationFactory,8,53,0,2,1,7,1,5,1,5,6,246,319,285,-39,34,1521,1156
Apache Commons Collections,org.apache.commons.collections4.functors,NotNullPredicate,0,15,0,2,0,18,0,10,0,9,10,247,170,204,43,-34,1849,1156
Apache Commons Collections,org.apache.commons.collections4.functors,FactoryTransformer,3,22,0,2,5,40,10,22,0,11,32,248,57,45,203,12,41209,144
Apache Commons Collections,org.apache.commons.collections4.functors,TransformerClosure,3,21,0,2,0,15,0,8,0,6,8,249,202,242,7,-40,49,1600
Apache Commons Collections,org.apache.commons.collections4.functors,NullPredicate,0,15,0,2,8,67,4,32,4,23,36,250,31,36,214,-5,45796,25
Apache Commons Collections,org.apache.commons.collections4.functors,PredicateTransformer,3,24,0,2,0,21,1,8,0,4,9,251,142,224,27,-82,729,6724
Apache Commons Collections,org.apache.commons.collections4.functors,CloneTransformer,0,15,0,2,0,5,0,3,0,3,3,252,354,375,-123,-21,15129,441
Apache Commons Collections,org.apache.commons.collections4.functors,ConstantFactory,3,24,0,2,0,15,0,8,0,5,8,253,202,242,11,-40,121,1600
Apache Commons Collections,org.apache.commons.collections4.functors,ClosureTransformer,3,24,0,2,0,2,0,2,0,2,2,254,426,409,-155,17,24025,289
Apache Commons Collections,org.apache.commons.collections4.bidimap,AbstractDualBidiMap.Values,0,41,0,2,0,15,0,7,0,7,7,255,202,267,-12,-65,144,4225
Apache Commons Collections,org.apache.commons.collections4.bidimap,AbstractDualBidiMap.KeySetIterator,0,53,0,2,0,24,0,11,0,6,11,256,114,181,75,-67,5625,4489
Apache Commons Collections,org.apache.commons.collections4.bidimap,DualTreeBidiMap.ViewMap,38,35,0,2,17,87,13,32,5,20,45,257,20,24,233,-4,54289,16
Apache Commons Collections,org.apache.commons.collections4.bidimap,AbstractDualBidiMap.KeySet,0,41,0,2,7,304,81,108,0,39,189,258,5,4,254,1,64516,1
Apache Commons Collections,org.apache.commons.collections4.bidimap,AbstractDualBidiMap.ValuesIterator,0,47,0,2,0,6,0,2,0,2,2,259,336,409,-150,-73,22500,5329
Apache Commons Collections,org.apache.commons.collections4.bidimap,AbstractDualBidiMap.EntrySetIterator,0,56,0,2,7,24,6,12,1,10,18,260,114,98,162,16,26244,256
Apache Commons Collections,org.apache.commons.collections4.map,AbstractReferenceMap.ReferenceValues,0,34,0,2,1,99,4,45,0,28,49,261,18,20,241,-2,58081,4
Apache Commons Collections,org.apache.commons.collections4.map,FixedSizeMap,30,71,4,2,2,7,1,4,1,3,5,262,319,312,-50,7,2500,49
Apache Commons Collections,org.apache.commons.collections4.map,UnmodifiableMap,21,65,2,2,6,21,4,15,3,14,19,263,142,91,172,51,29584,2601
Apache Commons Collections,org.apache.commons.collections4.map,AbstractInputCheckedMapDecorator,2,23,0,2,30,328,61,123,0,23,184,264,3,5,259,-2,67081,4
Apache Commons Collections,org.apache.commons.collections4.map,MultiValueMap.new LazyIteratorChain() {...},0,36,0,2,4,21,2,12,2,10,14,265,142,148,117,-6,13689,36
Apache Commons Collections,org.apache.commons.collections4.map,MultiValueMap.ValuesIterator,0,41,0,2,0,6,0,2,0,2,2,266,336,409,-143,-73,20449,5329
Apache Commons Collections,org.apache.commons.collections4.map,EntrySetToMapIteratorAdapter,0,57,0,2,0,8,0,4,0,3,4,267,291,343,-76,-52,5776,2704
Apache Commons Collections,org.apache.commons.collections4.map,MultiValueMap.Values,4,36,0,2,6,10,3,4,3,4,7,268,264,267,1,-3,1,9
Apache Commons Collections,org.apache.commons.collections4.map,FixedSizeSortedMap,21,94,2,2,3,21,3,11,0,9,14,269,142,148,121,-6,14641,36
Apache Commons Collections,org.apache.commons.collections4.map,AbstractReferenceMap.ReferenceEntrySet,0,38,0,2,0,9,0,3,0,3,3,270,274,375,-105,-101,11025,10201
Apache Commons Collections,org.apache.commons.collections4.map,AbstractReferenceMap.ReferenceKeySet,0,34,0,2,2,8,1,4,0,3,5,271,291,312,-41,-21,1681,441
Apache Commons Collections,org.apache.commons.collections4.map,UnmodifiableSortedMap,29,67,0,2,0,3,0,2,0,2,2,272,399,409,-137,-10,18769,100
Apache Commons Collections,org.apache.commons.collections4.map,UnmodifiableOrderedMap,0,72,0,2,0,27,0,20,0,18,20,273,100,80,193,20,37249,400
Apache Commons Collections,org.apache.commons.collections4.multimap,AbstractMultiValuedMap.EntryValues.new LazyIteratorChain() {...},0,49,0,2,13,121,12,44,3,16,56,274,12,16,258,-4,66564,16
Apache Commons Collections,org.apache.commons.collections4.multimap,AbstractMultiValuedMap.ValuesIterator,0,43,0,2,0,11,0,6,0,6,6,275,248,285,-10,-37,100,1369
Apache Commons Collections,org.apache.commons.collections4.multimap,AbstractMultiValuedMap.AsMap.AsMapEntrySet,0,50,0,2,0,3,0,2,0,2,2,276,399,409,-133,-10,17689,100
Apache Commons Collections,org.apache.commons.collections4.multimap,UnmodifiableMultiValuedMap,24,55,0,2,29,50,21,30,5,28,51,277,47,19,258,28,66564,784
Apache Commons Collections,org.apache.commons.collections4.multimap,AbstractMultiValuedMap.Values,0,40,0,2,0,19,0,11,0,6,11,278,162,181,97,-19,9409,361
Apache Commons Collections,org.apache.commons.collections4.set,UnmodifiableSet,0,49,0,2,1,3,1,2,1,2,3,279,399,375,-96,24,9216,576
Apache Commons Collections,org.apache.commons.collections4.set,UnmodifiableSortedSet,0,87,0,2,8,9,3,4,1,3,7,280,274,267,13,7,169,49
Apache Commons Collections,org.apache.commons.collections4.set,UnmodifiableNavigableSet,0,126,0,2,0,3,0,2,0,2,2,281,399,409,-128,-10,16384,100
Apache Commons Collections,org.apache.commons.collections4,IterableUtils.2.new LazyIteratorChain() {...},0,23,0,2,2,19,1,9,1,7,10,282,162,204,78,-42,6084,1764
Apache Commons Collections,org.apache.commons.collections4,SetUtils.new Predicate() {...},0,15,0,2,8,0,4,0,4,0,4,283,467,343,-60,124,3600,15376
Apache Commons Collections,org.apache.commons.collections4,CollectionUtils.SetOperationCardinalityHelper,0,48,0,2,0,11,0,8,0,8,8,284,248,242,42,6,1764,36
Apache Commons Collections,org.apache.commons.collections4,IterableUtils.7.new LazyIteratorChain() {...},0,18,0,2,0,3,0,2,0,2,2,285,399,409,-124,-10,15376,100
Apache Commons Collections,org.apache.commons.collections4,IterableUtils.new FluentIterable() {...},0,44,0,2,0,2,0,2,0,2,2,286,426,409,-123,17,15129,289
Apache Commons Collections,org.apache.commons.collections4,ListUtils.Partition,34,48,2,2,4,72,3,40,3,20,43,287,29,30,257,-1,66049,1
Apache Commons Collections,org.apache.commons.collections4,CollectionUtils.CardinalityHelper,0,51,0,2,0,8,0,4,0,3,4,288,291,343,-55,-52,3025,2704
Apache Commons Collections,org.apache.commons.collections4.multiset,AbstractMapMultiSet.UniqueSetIterator,0,53,0,2,4,21,4,14,4,13,18,289,142,98,191,44,36481,1936
Apache Commons Collections,org.apache.commons.collections4.multiset,SynchronizedMultiSet,18,115,0,2,6,16,3,11,3,8,14,290,192,148,142,44,20164,1936
Apache Commons Collections,org.apache.commons.collections4.multiset,AbstractMultiSet.UniqueSet,0,41,0,2,0,15,0,8,0,5,8,291,202,242,49,-40,2401,1600
Apache Commons Collections,org.apache.commons.collections4.multiset,UnmodifiableMultiSet,19,71,0,2,9,8,8,6,6,6,14,292,291,148,144,143,20736,20449
Apache Commons Collections,org.apache.commons.collections4.queue,SynchronizedQueue,5,97,0,2,0,16,0,9,0,6,9,293,192,224,69,-32,4761,1024
Apache Commons Collections,org.apache.commons.collections4.queue,UnmodifiableQueue,8,68,0,2,2,86,6,38,1,21,44,294,23,29,265,-6,70225,36
Apache Commons Collections,org.apache.commons.collections4.functors,InstanceofPredicate,8,18,1,1,2,36,2,14,0,6,16,295,63,121,174,-58,30276,3364
Apache Commons Collections,org.apache.commons.collections4.functors,PrototypeFactory.PrototypeCloneFactory,33,20,1,1,0,5,0,4,0,4,4,296,354,343,-47,11,2209,121
Apache Commons Collections,org.apache.commons.collections4.map,TransformedSortedMap,0,94,1,1,0,3,0,2,0,2,2,297,399,409,-112,-10,12544,100
Apache Commons Collections,org.apache.commons.collections4.map,AbstractReferenceMap.ReferenceStrength,8,49,3,1,0,24,0,13,0,12,13,298,114,160,138,-46,19044,2116
Apache Commons Collections,org.apache.commons.collections4.multimap,AbstractMultiValuedMap.KeysMultiSet,0,56,1,1,0,26,0,16,0,12,16,299,104,121,178,-17,31684,289
Apache Commons Collections,org.apache.commons.collections4.multimap,AbstractMultiValuedMap.MultiValuedMapIterator,27,39,5,1,0,3,0,2,0,2,2,300,399,409,-109,-10,11881,100
Apache Commons Collections,org.apache.commons.collections4.iterators,AbstractListIteratorDecorator,5,49,1,1,1,23,2,16,0,7,18,301,127,98,203,29,41209,841
Apache Commons Collections,org.apache.commons.collections4.iterators,AbstractUntypedIteratorDecorator,5,19,1,1,0,4,0,2,0,2,2,302,367,409,-107,-42,11449,1764
Apache Commons Collections,org.apache.commons.collections4,CollectionUtils.EquatorWrapper,2,32,1,1,25,19,11,9,8,6,20,303,162,80,223,82,49729,6724
Apache Commons Collections,org.apache.commons.collections4,IterableUtils.new FluentIterable() {...},4,20,1,1,10,16,4,6,3,6,10,304,192,204,100,-12,10000,144
Apache Commons Collections,org.apache.commons.collections4.keyvalue,UnmodifiableMapEntry,0,24,0,0,11,18,6,7,6,5,13,305,170,160,145,10,21025,100
Apache Commons Collections,org.apache.commons.collections4.keyvalue,AbstractKeyValue,0,44,0,0,2,35,4,15,0,9,19,306,68,91,215,-23,46225,529
Apache Commons Collections,org.apache.commons.collections4.keyvalue,DefaultMapEntry,0,19,0,0,8,13,3,5,3,5,8,307,225,242,65,-17,4225,289
Apache Commons Collections,org.apache.commons.collections4.comparators,FixedOrderComparator.UnknownObjectBehavior,0,34,0,0,0,2,0,2,0,2,2,308,426,409,-101,17,10201,289
Apache Commons Collections,org.apache.commons.collections4.properties,PropertiesFactory,0,9,0,0,16,81,16,42,4,25,58,309,26,15,294,11,86436,121
Apache Commons Collections,org.apache.commons.collections4.properties,SortedPropertiesFactory,0,9,0,0,0,2,0,2,0,2,2,310,426,409,-99,17,9801,289
Apache Commons Collections,org.apache.commons.collections4.sequence,KeepCommand,0,9,0,0,0,4,0,2,0,2,2,311,367,409,-98,-42,9604,1764
Apache Commons Collections,org.apache.commons.collections4.sequence,DeleteCommand,0,9,0,0,0,8,0,6,0,6,6,312,291,285,27,6,729,36
Apache Commons Collections,org.apache.commons.collections4.sequence,SequencesComparator.Snake,0,21,0,0,0,3,0,3,0,3,3,313,399,375,-62,24,3844,576
Apache Commons Collections,org.apache.commons.collections4.sequence,ReplacementsFinder,65,0,4,0,0,8,0,3,0,2,3,314,291,375,-61,-84,3721,7056
Apache Commons Collections,org.apache.commons.collections4.sequence,EditCommand,0,9,0,0,31,33,20,16,6,10,36,315,75,36,279,39,77841,1521
Apache Commons Collections,org.apache.commons.collections4.sequence,InsertCommand,0,9,0,0,0,11,0,5,0,4,5,316,248,312,4,-64,16,4096
Apache Commons Collections,org.apache.commons.collections4.bag,PredicatedSortedBag,0,27,0,0,0,12,1,7,0,7,8,317,235,242,75,-7,5625,49
Apache Commons Collections,org.apache.commons.collections4.bag,AbstractSortedBagDecorator,7,16,0,0,0,11,0,7,0,6,7,318,248,267,51,-19,2601,361
Apache Commons Collections,org.apache.commons.collections4.bag,SynchronizedBag.SynchronizedBagSet,0,8,0,0,0,3,0,3,0,3,3,319,399,375,-56,24,3136,576
Apache Commons Collections,org.apache.commons.collections4.bag,SynchronizedSortedBag,42,9,0,0,6,13,6,11,6,10,17,320,225,114,206,111,42436,12321
Apache Commons Collections,org.apache.commons.collections4.bag,TransformedSortedBag,44,23,4,0,7,11,5,5,2,5,10,321,248,204,117,44,13689,1936
Apache Commons Collections,org.apache.commons.collections4.bag,AbstractMapBag.MutableInteger,18,6,4,0,0,24,0,15,0,11,15,322,114,137,185,-23,34225,529
Apache Commons Collections,org.apache.commons.collections4.bag,HashBag,0,28,0,0,0,9,0,5,0,4,5,323,274,312,11,-38,121,1444
Apache Commons Collections,org.apache.commons.collections4.trie,AbstractPatriciaTrie.KeySet.KeyIterator,0,12,0,0,0,8,0,6,0,6,6,324,291,285,39,6,1521,36
Apache Commons Collections,org.apache.commons.collections4.trie,AbstractPatriciaTrie.Values.ValueIterator,0,12,0,0,0,6,0,2,0,2,2,325,336,409,-84,-73,7056,5329
Apache Commons Collections,org.apache.commons.collections4.trie,PatriciaTrie,7,6,0,0,5,26,5,21,5,19,26,326,104,53,273,51,74529,2601
Apache Commons Collections,org.apache.commons.collections4.trie,AbstractPatriciaTrie.EntrySet.EntryIterator,0,11,0,0,0,12,0,5,0,3,5,327,235,312,15,-77,225,5929
Apache Commons Collections,org.apache.commons.collections4.trie,AbstractPatriciaTrie.Reference,7,0,0,0,0,14,0,11,0,10,11,328,216,181,147,35,21609,1225
Apache Commons Collections,org.apache.commons.collections4.list,SetUniqueList.SetListIterator,0,29,0,0,0,25,0,16,0,15,16,329,110,121,208,-11,43264,121
Apache Commons Collections,org.apache.commons.collections4.list,PredicatedList.PredicatedListIterator,0,25,0,0,1,32,1,23,0,19,24,330,80,62,268,18,71824,324
Apache Commons Collections,org.apache.commons.collections4.list,AbstractSerializableListDecorator,0,19,0,0,3,9,2,3,2,3,5,331,274,312,19,-38,361,1444
Apache Commons Collections,org.apache.commons.collections4.list,FixedSizeList,22,72,0,0,0,12,1,8,0,5,9,332,235,224,108,11,11664,121
Apache Commons Collections,org.apache.commons.collections4.list,FixedSizeList.FixedSizeListIterator,4,7,0,0,2,5,1,6,1,4,7,333,354,267,66,87,4356,7569
Apache Commons Collections,org.apache.commons.collections4.list,TransformedList.TransformedListIterator,0,27,0,0,9,7,8,6,8,6,14,334,319,148,186,171,34596,29241
Apache Commons Collections,org.apache.commons.collections4.list,AbstractLinkedList.Node,26,22,0,0,0,33,0,21,0,20,21,335,75,73,262,2,68644,4
Apache Commons Collections,org.apache.commons.collections4.functors,ExceptionPredicate,0,14,0,0,0,8,0,3,0,3,3,336,291,375,-39,-84,1521,7056
Apache Commons Collections,org.apache.commons.collections4.functors,ComparatorPredicate.Criterion,0,54,0,0,0,6,0,7,0,5,7,337,336,267,70,69,4900,4761
Apache Commons Collections,org.apache.commons.collections4.functors,StringValueTransformer,0,12,0,0,7,119,8,56,2,25,64,338,14,13,325,1,105625,1
Apache Commons Collections,org.apache.commons.collections4.functors,UniquePredicate,0,17,0,0,3,83,4,39,0,23,43,339,25,30,309,-5,95481,25
Apache Commons Collections,org.apache.commons.collections4.functors,AbstractQuantifierPredicate,4,6,0,0,8,12,4,8,2,8,12,340,235,172,168,63,28224,3969
Apache Commons Collections,org.apache.commons.collections4.functors,CatchAndRethrowClosure,0,17,0,0,5,6,4,5,4,5,9,341,336,224,117,112,13689,12544
Apache Commons Collections,org.apache.commons.collections4.functors,ExceptionFactory,0,14,0,0,3,15,3,11,3,11,14,342,202,148,194,54,37636,2916
Apache Commons Collections,org.apache.commons.collections4.functors,NOPTransformer,0,11,0,0,0,13,0,9,0,9,9,343,225,224,119,1,14161,1
Apache Commons Collections,org.apache.commons.collections4.functors,FalsePredicate,0,11,0,0,10,15,6,11,4,11,17,344,202,114,230,88,52900,7744
Apache Commons Collections,org.apache.commons.collections4.functors,ExceptionClosure,0,14,0,0,11,10,6,4,4,4,10,345,264,204,141,60,19881,3600
Apache Commons Collections,org.apache.commons.collections4.functors,TruePredicate,0,11,0,0,13,43,8,16,4,10,24,346,53,62,284,-9,80656,81
Apache Commons Collections,org.apache.commons.collections4.functors,ExceptionTransformer,0,14,0,0,0,4,0,3,0,3,3,347,367,375,-28,-8,784,64
Apache Commons Collections,org.apache.commons.collections4.functors,NOPClosure,0,10,0,0,0,22,0,13,0,6,13,348,133,160,188,-27,35344,729
Apache Commons Collections,org.apache.commons.collections4.bidimap,TreeBidiMap.InverseViewMapEntryIterator,5,21,0,0,2,27,2,14,2,8,16,349,100,121,228,-21,51984,441
Apache Commons Collections,org.apache.commons.collections4.bidimap,AbstractSortedBidiMapDecorator,28,8,0,0,5,32,4,14,3,8,18,350,80,98,252,-18,63504,324
Apache Commons Collections,org.apache.commons.collections4.bidimap,DualLinkedHashBidiMap,12,49,0,0,0,17,0,8,0,4,8,351,179,242,109,-63,11881,3969
Apache Commons Collections,org.apache.commons.collections4.bidimap,AbstractOrderedBidiMapDecorator,8,26,0,0,0,12,1,6,0,4,7,352,235,267,85,-32,7225,1024
Apache Commons Collections,org.apache.commons.collections4.bidimap,DualHashBidiMap,12,49,0,0,2,31,2,13,0,11,15,353,87,137,216,-50,46656,2500
Apache Commons Collections,org.apache.commons.collections4.bidimap,TreeBidiMap.View,0,17,0,0,1,17,1,11,0,11,12,354,179,172,182,7,33124,49
Apache Commons Collections,org.apache.commons.collections4.bidimap,TreeBidiMap.DataElement,0,37,0,0,0,6,0,4,0,4,4,355,336,343,12,-7,144,49
Apache Commons Collections,org.apache.commons.collections4.bidimap,TreeBidiMap.ViewMapEntryIterator,3,11,0,0,1,8,1,4,0,4,5,356,291,312,44,-21,1936,441
Apache Commons Collections,org.apache.commons.collections4.bidimap,AbstractBidiMapDecorator,13,17,0,0,11,9,6,5,6,5,11,357,274,181,176,93,30976,8649
Apache Commons Collections,org.apache.commons.collections4.map,AbstractLinkedMap.EntrySetIterator,3,7,0,0,1,25,1,14,1,10,15,358,110,137,221,-27,48841,729
Apache Commons Collections,org.apache.commons.collections4.map,AbstractHashedMap.Values,0,23,0,0,0,17,0,12,0,10,12,359,179,172,187,7,34969,49
Apache Commons Collections,org.apache.commons.collections4.map,AbstractOrderedMapDecorator,4,29,0,0,0,17,0,10,0,6,10,360,179,204,156,-25,24336,625
Apache Commons Collections,org.apache.commons.collections4.map,ListOrderedMap.KeySetView.new AbstractUntypedIteratorDecorator() {...},0,13,0,0,0,4,0,3,0,3,3,361,367,375,-14,-8,196,64
Apache Commons Collections,org.apache.commons.collections4.map,PredicatedSortedMap,0,72,0,0,1,15,3,8,0,5,11,362,202,181,181,21,32761,441
Apache Commons Collections,org.apache.commons.collections4.map,AbstractReferenceMap.SoftRef,11,0,0,0,0,5,0,4,0,4,4,363,354,343,20,11,400,121
Apache Commons Collections,org.apache.commons.collections4.map,ListOrderedMap.ValuesView.new AbstractUntypedIteratorDecorator() {...},0,13,0,0,0,3,0,2,0,2,2,364,399,409,-45,-10,2025,100
Apache Commons Collections,org.apache.commons.collections4.map,StaticBucketMap.KeyIterator,0,12,0,0,0,56,0,23,0,8,23,365,39,64,301,-25,90601,625
Apache Commons Collections,org.apache.commons.collections4.map,Flat3Map.KeySetIterator,0,8,0,0,0,12,0,7,0,5,7,366,235,267,99,-32,9801,1024
Apache Commons Collections,org.apache.commons.collections4.map,AbstractReferenceMap.WeakRef,0,11,0,0,2,3,1,3,1,3,4,367,399,343,24,56,576,3136
Apache Commons Collections,org.apache.commons.collections4.map,AbstractReferenceMap.ReferenceKeySetIterator,0,8,0,0,0,28,0,11,0,5,11,368,95,181,187,-86,34969,7396
Apache Commons Collections,org.apache.commons.collections4.map,ListOrderedMap.KeySetView,0,28,0,0,13,0,9,0,8,0,9,369,467,224,145,243,21025,59049
Apache Commons Collections,org.apache.commons.collections4.map,AbstractLinkedMap.ValuesIterator,4,8,0,0,15,0,11,0,10,0,11,370,467,181,189,286,35721,81796
Apache Commons Collections,org.apache.commons.collections4.map,AbstractLinkedMap.LinkEntry,0,7,0,0,0,18,0,13,0,11,13,371,170,160,211,10,44521,100
Apache Commons Collections,org.apache.commons.collections4.map,StaticBucketMap.ValueIterator,0,12,0,0,4,39,4,21,1,12,25,372,59,55,317,4,100489,16
Apache Commons Collections,org.apache.commons.collections4.map,MultiValueMap.1.1.new Map.Entry() {...},4,16,0,0,1,31,1,14,0,6,15,373,87,137,236,-50,55696,2500
Apache Commons Collections,org.apache.commons.collections4.map,LazySortedMap,0,75,0,0,4,35,3,18,0,8,21,374,68,73,301,-5,90601,25
Apache Commons Collections,org.apache.commons.collections4.map,LinkedMap.LinkedMapList,4,88,0,0,0,32,2,23,0,11,25,375,80,55,320,25,102400,625
Apache Commons Collections,org.apache.commons.collections4.map,MultiValueMap.1.new Transformer() {...},0,15,0,0,0,15,0,10,0,8,10,376,202,204,172,-2,29584,4
Apache Commons Collections,org.apache.commons.collections4.map,AbstractHashedMap.ValuesIterator,0,8,0,0,1,5,1,3,1,3,4,377,354,343,34,11,1156,121
Apache Commons Collections,org.apache.commons.collections4.map,UnmodifiableEntrySet.UnmodifiableEntrySetIterator,0,21,0,0,18,58,15,24,9,12,39,378,35,33,345,2,119025,4
Apache Commons Collections,org.apache.commons.collections4.map,SingletonMap.SingletonValues,4,23,0,0,18,87,10,36,4,18,46,379,20,23,356,-3,126736,9
Apache Commons Collections,org.apache.commons.collections4.map,ListOrderedMap.ListOrderedMapEntry,0,22,0,0,1,34,1,12,0,6,13,380,72,160,220,-88,48400,7744
Apache Commons Collections,org.apache.commons.collections4.map,StaticBucketMap.EntryIterator,0,11,0,0,0,2,0,1,0,1,1,381,426,465,-84,-39,7056,1521
Apache Commons Collections,org.apache.commons.collections4.map,HashedMap,0,35,0,0,0,45,0,21,0,4,21,382,51,73,309,-22,95481,484
Apache Commons Collections,org.apache.commons.collections4.map,AbstractInputCheckedMapDecorator.MapEntry,0,20,0,0,3,12,3,8,0,6,11,383,235,181,202,54,40804,2916
Apache Commons Collections,org.apache.commons.collections4.map,AbstractInputCheckedMapDecorator.EntrySetIterator,0,24,0,0,4,6,2,4,2,4,6,384,336,285,99,51,9801,2601
Apache Commons Collections,org.apache.commons.collections4.map,ReferenceMap,24,28,0,0,31,0,14,0,9,0,14,385,467,148,237,319,56169,101761
Apache Commons Collections,org.apache.commons.collections4.map,ListOrderedMap.ListOrderedIterator,0,34,0,0,0,4,0,3,0,3,3,386,367,375,11,-8,121,64
Apache Commons Collections,org.apache.commons.collections4.map,AbstractReferenceMap.ReferenceValuesIterator,0,8,0,0,3,28,3,13,3,8,16,387,95,121,266,-26,70756,676
Apache Commons Collections,org.apache.commons.collections4.map,AbstractHashedMap.KeySet,0,35,0,0,0,12,0,11,0,11,11,388,235,181,207,54,42849,2916
Apache Commons Collections,org.apache.commons.collections4.map,AbstractHashedMap.KeySetIterator,0,8,0,0,11,61,8,23,2,9,31,389,34,48,341,-14,116281,196
Apache Commons Collections,org.apache.commons.collections4.map,AbstractLinkedMap.KeySetIterator,4,8,0,0,3,23,1,14,1,10,15,390,127,137,253,-10,64009,100
Apache Commons Collections,org.apache.commons.collections4.map,Flat3Map.EntrySetIterator,0,7,0,0,5,26,5,24,5,24,29,391,104,49,342,55,116964,3025
Apache Commons Collections,org.apache.commons.collections4.map,AbstractSortedMapDecorator.SortedMapIterator,29,0,0,0,4,4,2,2,2,2,4,392,367,343,49,24,2401,576
Apache Commons Collections,org.apache.commons.collections4.map,ListOrderedMap.ValuesView,0,44,0,0,0,13,0,6,0,3,6,393,225,285,108,-60,11664,3600
Apache Commons Collections,org.apache.commons.collections4.map,AbstractHashedMap.EntrySetIterator,0,7,0,0,3,11,3,9,3,9,12,394,248,172,222,76,49284,5776
Apache Commons Collections,org.apache.commons.collections4.map,AbstractIterableMap,0,9,0,0,0,4,0,3,0,2,3,395,367,375,20,-8,400,64
Apache Commons Collections,org.apache.commons.collections4.map,AbstractSortedMapDecorator,51,23,4,0,0,8,0,5,0,5,5,396,291,312,84,-21,7056,441
Apache Commons Collections,org.apache.commons.collections4.map,StaticBucketMap.Values,0,21,0,0,11,43,12,31,11,14,43,397,53,30,367,23,134689,529
Apache Commons Collections,org.apache.commons.collections4.map,AbstractReferenceMap.ReferenceEntrySetIterator,0,7,0,0,4,25,5,15,1,10,20,398,110,80,318,30,101124,900
Apache Commons Collections,org.apache.commons.collections4.map,Flat3Map.ValuesIterator,0,8,0,0,0,4,0,2,0,2,2,399,367,409,-10,-42,100,1764
Apache Commons Collections,org.apache.commons.collections4.map,UnmodifiableEntrySet.UnmodifiableEntry,0,11,0,0,0,45,0,36,0,34,36,400,51,36,364,15,132496,225
Apache Commons Collections,org.apache.commons.collections4.multimap,ArrayListValuedHashMap,34,48,2,0,1,4,4,5,1,4,9,401,367,224,177,143,31329,20449
Apache Commons Collections,org.apache.commons.collections4.multimap,HashSetValuedHashMap,25,38,0,0,0,3,0,5,0,3,5,402,399,312,90,87,8100,7569
Apache Commons Collections,org.apache.commons.collections4.multimap,AbstractMultiValuedMap.KeysMultiSet.MapEntryTransformer,0,12,0,0,0,2,0,2,0,2,2,403,426,409,-6,17,36,289
Apache Commons Collections,org.apache.commons.collections4.multimap,AbstractMultiValuedMap.EntryValues.1.new Transformer() {...},0,20,0,0,1,4,3,4,1,4,7,404,367,267,137,100,18769,10000
Apache Commons Collections,org.apache.commons.collections4.multimap,AbstractMultiValuedMap.MultiValuedMapEntry,0,12,0,0,0,3,0,5,0,3,5,405,399,312,93,87,8649,7569
Apache Commons Collections,org.apache.commons.collections4.multimap,AbstractListValuedMap,0,27,0,0,0,2,0,3,0,2,3,406,426,375,31,51,961,2601
Apache Commons Collections,org.apache.commons.collections4.multimap,AbstractMultiValuedMap.KeysMultiSet.MapEntryTransformer.new AbstractMultiSet.AbstractEntry() {...},0,19,0,0,0,11,0,5,0,4,5,407,248,312,95,-64,9025,4096
Apache Commons Collections,org.apache.commons.collections4.multimap,AbstractMultiValuedMap.EntryValues,0,15,0,0,0,4,0,3,0,2,3,408,367,375,33,-8,1089,64
Apache Commons Collections,org.apache.commons.collections4.multimap,AbstractSetValuedMap,0,27,0,0,58,168,44,97,16,54,141,409,10,7,402,3,161604,9
Apache Commons Collections,org.apache.commons.collections4.multimap,AbstractMultiValuedMap.AsMap.AsMapEntrySetIterator,0,24,0,0,5,3,2,3,2,3,5,410,399,312,98,87,9604,7569
Apache Commons Collections,org.apache.commons.collections4.set,ListOrderedSet.OrderedSetIterator,14,28,0,0,0,28,0,18,0,16,18,411,95,98,313,-3,97969,9
Apache Commons Collections,org.apache.commons.collections4.set,AbstractNavigableSetDecorator,39,28,0,0,6,9,6,6,1,3,12,412,274,172,240,102,57600,10404
Apache Commons Collections,org.apache.commons.collections4.set,AbstractSerializableSetDecorator,0,19,0,0,3,8,3,4,0,2,7,413,291,267,146,24,21316,576
Apache Commons Collections,org.apache.commons.collections4.set,TransformedSortedSet,44,60,4,0,0,2,0,2,0,2,2,414,426,409,5,17,25,289
Apache Commons Collections,org.apache.commons.collections4.set,AbstractSortedSetDecorator,19,20,0,0,0,2,0,2,0,2,2,415,426,409,6,17,36,289
Apache Commons Collections,org.apache.commons.collections4.set,PredicatedNavigableSet,15,74,0,0,0,6,0,3,0,2,3,416,336,375,41,-39,1681,1521
Apache Commons Collections,org.apache.commons.collections4.set,PredicatedSortedSet,0,64,0,0,0,2,0,2,0,2,2,417,426,409,8,17,64,289
Apache Commons Collections,org.apache.commons.collections4.set,TransformedNavigableSet,55,74,4,0,0,2,0,2,0,2,2,418,426,409,9,17,81,289
Apache Commons Collections,org.apache.commons.collections4.iterators,EnumerationIterator,36,29,4,0,0,2,0,2,0,2,2,419,426,409,10,17,100,289
Apache Commons Collections,org.apache.commons.collections4.iterators,EmptyMapIterator,0,10,0,0,0,2,0,2,0,2,2,420,426,409,11,17,121,289
Apache Commons Collections,org.apache.commons.collections4.iterators,EmptyIterator,0,14,0,0,0,2,0,2,0,2,2,421,426,409,12,17,144,289
Apache Commons Collections,org.apache.commons.collections4.iterators,TransformIterator,23,28,0,0,9,337,19,184,0,68,203,422,2,1,421,1,177241,1
Apache Commons Collections,org.apache.commons.collections4.iterators,EmptyOrderedMapIterator,0,10,0,0,0,2,0,2,0,2,2,423,426,409,14,17,196,289
Apache Commons Collections,org.apache.commons.collections4.iterators,AbstractEmptyMapIterator,0,18,0,0,0,2,0,2,0,2,2,424,426,409,15,17,225,289
Apache Commons Collections,org.apache.commons.collections4.iterators,AbstractIteratorDecorator,0,8,0,0,0,2,0,2,0,2,2,425,426,409,16,17,256,289
Apache Commons Collections,org.apache.commons.collections4.iterators,IteratorIterable.new Iterator() {...},4,14,0,0,8,22,8,14,4,8,22,426,133,69,357,64,127449,4096
Apache Commons Collections,org.apache.commons.collections4.iterators,AbstractMapIteratorDecorator,41,0,2,0,0,1,0,1,0,1,1,427,464,465,-38,-1,1444,1
Apache Commons Collections,org.apache.commons.collections4.iterators,AbstractOrderedMapIteratorDecorator,49,0,2,0,7,120,7,68,4,40,75,428,13,11,417,2,173889,4
Apache Commons Collections,org.apache.commons.collections4.iterators,EmptyListIterator,2,12,0,0,6,24,6,10,2,6,16,429,114,121,308,-7,94864,49
Apache Commons Collections,org.apache.commons.collections4.iterators,UniqueFilterIterator,0,5,0,0,0,6,0,6,0,6,6,430,336,285,145,51,21025,2601
Apache Commons Collections,org.apache.commons.collections4.iterators,IteratorEnumeration,7,17,0,0,21,285,23,145,15,59,168,431,6,6,425,0,180625,0
Apache Commons Collections,org.apache.commons.collections4.iterators,EntrySetMapIterator,121,0,10,0,1,9,1,4,0,4,5,432,274,312,120,-38,14400,1444
Apache Commons Collections,org.apache.commons.collections4.iterators,EmptyOrderedIterator,0,10,0,0,0,2,0,2,0,2,2,433,426,409,24,17,576,289
Apache Commons Collections,org.apache.commons.collections4.iterators,AbstractEmptyIterator,0,37,0,0,0,4,1,2,0,2,3,434,367,375,59,-8,3481,64
Apache Commons Collections,org.apache.commons.collections4,PredicateUtils,12,98,0,0,9,91,12,49,5,19,61,435,19,14,421,5,177241,25
Apache Commons Collections,org.apache.commons.collections4,FunctorException,8,8,0,0,0,6,0,6,0,6,6,436,336,285,151,51,22801,2601
Apache Commons Collections,org.apache.commons.collections4,BagUtils,8,39,0,0,3,11,3,3,1,3,6,437,248,285,152,-37,23104,1369
Apache Commons Collections,org.apache.commons.collections4,ListUtils.LcsVisitor,0,19,0,0,0,6,0,5,0,5,5,438,336,312,126,24,15876,576
Apache Commons Collections,org.apache.commons.collections4,IterableUtils.UnmodifiableIterable,0,11,0,0,0,2,0,2,0,2,2,439,426,409,30,17,900,289
Apache Commons Collections,org.apache.commons.collections4,SetUtils.new Predicate() {...},0,11,0,0,0,2,0,2,0,2,2,440,426,409,31,17,961,289
Apache Commons Collections,org.apache.commons.collections4,SetUtils.new SetUtils.SetView() {...},12,41,4,0,0,2,0,2,0,2,2,441,426,409,32,17,1024,289
Apache Commons Collections,org.apache.commons.collections4,SetUtils.SetView,16,11,0,0,0,5,0,3,0,3,3,442,354,375,67,-21,4489,441
Apache Commons Collections,org.apache.commons.collections4,IterableUtils.new FluentIterable() {...},0,13,0,0,0,1,0,1,0,1,1,443,464,465,-22,-1,484,1
Apache Commons Collections,org.apache.commons.collections4,IterableUtils.new FluentIterable() {...},0,17,0,0,0,1,0,1,0,1,1,444,464,465,-21,-1,441,1
Apache Commons Collections,org.apache.commons.collections4,IterableUtils.new FluentIterable() {...},0,16,0,0,6,17,8,12,4,12,20,445,179,80,365,99,133225,9801
Apache Commons Collections,org.apache.commons.collections4,IterableUtils.new FluentIterable() {...},0,11,0,0,0,34,0,25,0,23,25,446,72,55,391,17,152881,289
Apache Commons Collections,org.apache.commons.collections4,IterableUtils.new FluentIterable() {...},0,16,0,0,0,12,0,7,0,6,7,447,235,267,180,-32,32400,1024
Apache Commons Collections,org.apache.commons.collections4,IterableUtils.new FluentIterable() {...},0,16,0,0,1,20,3,15,0,15,18,448,155,98,350,57,122500,3249
Apache Commons Collections,org.apache.commons.collections4,IterableUtils.new FluentIterable() {...},0,22,0,0,4,3,4,1,2,1,5,449,399,312,137,87,18769,7569
Apache Commons Collections,org.apache.commons.collections4,IterableUtils.new FluentIterable() {...},0,18,0,0,0,16,0,4,0,3,4,450,192,343,107,-151,11449,22801
Apache Commons Collections,org.apache.commons.collections4,IterableUtils.new FluentIterable() {...},0,11,0,0,0,2,0,1,0,1,1,451,426,465,-14,-39,196,1521
Apache Commons Collections,org.apache.commons.collections4,IterableUtils.new FluentIterable() {...},0,5,0,0,16,4,8,2,3,2,10,452,367,204,248,163,61504,26569
Apache Commons Collections,org.apache.commons.collections4,TrieUtils,0,3,0,0,7,6,6,7,6,5,13,453,336,160,293,176,85849,30976
Apache Commons Collections,org.apache.commons.collections4,FactoryUtils,0,21,0,0,9,2,8,2,2,2,10,454,426,204,250,222,62500,49284
Apache Commons Collections,org.apache.commons.collections4,IterableUtils.new FluentIterable() {...},0,16,0,0,0,12,0,4,0,4,4,455,235,343,112,-108,12544,11664
Apache Commons Collections,org.apache.commons.collections4,QueueUtils,0,22,0,0,4,22,2,11,2,10,13,456,133,160,296,-27,87616,729
Apache Commons Collections,org.apache.commons.collections4,MultiSetUtils,0,18,0,0,1,26,1,10,0,4,11,457,104,181,276,-77,76176,5929
Apache Commons Collections,org.apache.commons.collections4,CollectionUtils.new Transformer() {...},0,13,0,0,3,102,5,40,0,21,45,458,16,24,434,-8,188356,64
Apache Commons Collections,org.apache.commons.collections4,CollectionUtils.new Transformer() {...},0,13,0,0,0,10,0,8,0,7,8,459,264,242,217,22,47089,484
Apache Commons Collections,org.apache.commons.collections4,CollectionUtils.new Transformer() {...},0,13,0,0,0,5,0,3,0,3,3,460,354,375,85,-21,7225,441
Apache Commons Collections,org.apache.commons.collections4,ListUtils.CharSequenceAsList,0,16,0,0,8,13,3,6,1,3,9,461,225,224,237,1,56169,1
Apache Commons Collections,org.apache.commons.collections4,MapUtils.new AbstractMapDecorator() {...},0,4,0,0,0,2,0,2,0,2,2,462,426,409,53,17,2809,289
Apache Commons Collections,org.apache.commons.collections4,MapUtils.new AbstractSortedMapDecorator() {...},0,4,0,0,2,12,1,12,1,10,13,463,235,160,303,75,91809,5625
Apache Commons Collections,org.apache.commons.collections4.multiset,AbstractMapMultiSet.MutableInteger,18,6,4,0,6,10,2,3,1,3,5,464,264,312,152,-48,23104,2304
Apache Commons Collections,org.apache.commons.collections4.multiset,SynchronizedMultiSet.SynchronizedSet,0,5,0,0,44,33,24,21,9,13,45,465,75,24,441,51,194481,2601
Apache Commons Collections,org.apache.commons.collections4.multiset,AbstractMultiSet.EntrySet,61,10,10,0,5,22,4,14,4,13,18,466,133,98,368,35,135424,1225
Apache Commons Collections,org.apache.commons.collections4.multiset,AbstractMultiSet.AbstractEntry,45,19,12,0,2,20,1,11,1,10,12,467,155,172,295,-17,87025,289
Apache Commons Collections,org.apache.commons.collections4.multiset,HashMultiSet,0,30,0,0,6,4,5,3,5,3,8,468,367,242,226,125,51076,15625
Apache Commons Collections,org.apache.commons.collections4.multiset,AbstractMapMultiSet.MultiSetEntry,0,16,0,0,0,16,1,10,0,9,11,469,192,181,288,11,82944,121
Apache Commons Collections,org.apache.commons.collections4.multiset,AbstractMultiSet.new Transformer() {...},0,9,0,0,0,32,0,13,0,4,13,470,80,160,310,-80,96100,6400
Apache Commons Collections,org.apache.commons.collections4.multiset,AbstractMapMultiSet.EntrySetIterator,18,34,2,0,6,86,5,40,1,20,45,471,23,24,447,-1,199809,1
Apache Commons Collections,org.apache.commons.collections4.queue,AbstractQueueDecorator,20,12,0,0,0,10,0,8,0,8,8,472,264,242,230,22,52900,484
Apache Commons Collections,org.apache.commons.collections4.queue,PredicatedQueue,0,39,0,0,2,21,2,14,2,13,16,473,142,121,352,21,123904,441
,,,,,,,,,,,,,,,,,,,,
,,,,,,,,,,,,,,,,,,,,
,,,,,,,,,,,,,,,,,,,,
,,,,,,,,,,,,,,,,,,,,
,,,,,,,,,,,,,,,,,,,,
,,Branch ,,,,,,,,,,,,Line,,,,,,
,,,,,,,,,,,,,,,,,,,,
,,Sum of d^2,,,,15421627,,,,,,,,Sum of d^2,1558008,,,,,
,,Numerator,,,,92529762,,,,,,,,Numerator,9348048,,,,,
,,,,,,,,,,,,,,,,,,,,
,,n,,,,473,,,,,,,,n,473,,,,,
,,n^3,,,,105823817,,,,,,,,n^3,105823817,,,,,
,,Denominator,,,,105823344,,,,,,,,Denominator,105823344,,,,,
,,,,,,,,,,,,,,,,,,,,
,,r,,,,0.125620506,,,,,,,,r,0.91166365,,,,,